{
	"class_name" : "PinholeCameraParameters",
	"extrinsic" : 
	[
		0.5602787338306916,
		-0.69046568850585566,
		0.45754220943341606,
		0.0,
		-0.82822289857431197,
		-0.45926052030420805,
		0.32113331307585208,
		0.0,
		-0.011600460949557106,
		-0.55887110095803227,
		-0.82917339671489387,
		0.0,
		-343.32550752759613,
		397.06192318970483,
		427.90501627656766,
		1.0
	],
	"intrinsic" : 
	{
		"height" : 1080,
		"intrinsic_matrix" : 
		[
			935.30743608719376,
			0.0,
			0.0,
			0.0,
			935.30743608719376,
			0.0,
			959.5,
			539.5,
			1.0
		],
		"width" : 1920
	},
	"version_major" : 1,
	"version_minor" : 0
}